CREATE TABLE ARTICOLI (
	CODICE VARCHAR(10)  NOT NULL PRIMARY KEY,
	DESCRIZIONE VARCHAR(40)  NULL,
	PREZZO FLOAT  NULL
);

INSERT INTO ARTICOLI (CODICE,DESCRIZIONE,PREZZO) VALUES ('001', 'VASO MING 3° SECOLO A.C.', '2500');
INSERT INTO ARTICOLI (CODICE,DESCRIZIONE,PREZZO) VALUES ('002', 'ANFORA EPOCA ROMANA', '550');
INSERT INTO ARTICOLI (CODICE,DESCRIZIONE,PREZZO) VALUES ('003', 'VASO DA NOTTE MARIA ANTONIETTA', '290');
INSERT INTO ARTICOLI (CODICE,DESCRIZIONE,PREZZO) VALUES ('004', 'STATUA IN GESSO GRECA', '50');
INSERT INTO ARTICOLI (CODICE,DESCRIZIONE,PREZZO) VALUES ('005', 'RIPRODUZIONE SCULTURA GERCIA CLASSICA', '80');
INSERT INTO ARTICOLI (CODICE,DESCRIZIONE,PREZZO) VALUES ('006', 'PUNTA DI FRECCIA PREISTORICA', '90');
INSERT INTO ARTICOLI (CODICE,DESCRIZIONE,PREZZO) VALUES ('007', 'DENTE DI DINOSAURO', '15');
INSERT INTO ARTICOLI (CODICE,DESCRIZIONE,PREZZO) VALUES ('008', 'MANUFATTO EGIZIO', '150');
INSERT INTO ARTICOLI (CODICE,DESCRIZIONE,PREZZO) VALUES ('009', 'STATUINA CINESE DINASTIA CHEN', '250');
INSERT INTO ARTICOLI (CODICE,DESCRIZIONE,PREZZO) VALUES ('010', 'FOSSILE DI CONCIGLIA PREISTORICA', '45');

CREATE TABLE DOCUMENTI (
	ID INTEGER  PRIMARY KEY NOT NULL,
	DATA DATE DEFAULT CURRENT_DATE NOT NULL,
	TIPO VARCHAR(20)  NULL,
	CLIENTE VARCHAR(30)  NULL,
	TOTALEIMPONIBILE FLOAT  NULL,
	TOTALEIVA FLOAT  NULL,
	TOTALEDOCUMENTO FLOAT  NULL,
	VALIDITA_GG INTEGER  NULL,
	PAGAMENTO VARCHAR(30)  NULL
);

INSERT INTO DOCUMENTI (ID,DATA,TIPO,CLIENTE,TOTALEIMPONIBILE,TOTALEIVA,TOTALEDOCUMENTO,VALIDITA_GG,PAGAMENTO) VALUES ('1', '2018-07-12', 'Preventivo','MAURIZIO DEL MAGNO', '750', '165','915', '45', '');
INSERT INTO DOCUMENTI (ID,DATA,TIPO,CLIENTE,TOTALEIMPONIBILE,TOTALEIVA,TOTALEDOCUMENTO,VALIDITA_GG,PAGAMENTO) VALUES ('2', '2018-07-14', 'Preventivo','SQLITE', '1190', '261.8','1451.8', '30', '');
INSERT INTO DOCUMENTI (ID,DATA,TIPO,CLIENTE,TOTALEIMPONIBILE,TOTALEIVA,TOTALEDOCUMENTO,VALIDITA_GG,PAGAMENTO) VALUES ('3', '2018-05-29', 'Preventivo','PAOLO ROSSI', '2980', '655.6','3635.6', '30', '');
INSERT INTO DOCUMENTI (ID,DATA,TIPO,CLIENTE,TOTALEIMPONIBILE,TOTALEIVA,TOTALEDOCUMENTO,VALIDITA_GG,PAGAMENTO) VALUES ('4', '2018-05-29', 'Preventivo I.C.','OMAR BOSSONI', '245.9', '54.1','300', '', '');
INSERT INTO DOCUMENTI (ID,DATA,TIPO,CLIENTE,TOTALEIMPONIBILE,TOTALEIVA,TOTALEDOCUMENTO,VALIDITA_GG,PAGAMENTO) VALUES ('5', '2018-05-29', 'Fattura','THOMAS RANZETTI', '535', '117.7','652.7', '', 'BONIFICO 30 GG DF FM');
INSERT INTO DOCUMENTI (ID,DATA,TIPO,CLIENTE,TOTALEIMPONIBILE,TOTALEIVA,TOTALEDOCUMENTO,VALIDITA_GG,PAGAMENTO) VALUES ('6', '2018-05-29', 'Fattura I.C.','LUCA MINUTI', '204.92', '45.08','250', '', 'A VISTA');


CREATE TABLE RIGHEDOCUMENTI (
ID INTEGER  PRIMARY KEY AUTOINCREMENT NOT NULL,
ID_DOC INTEGER  NULL,
CODICE VARCHAR(10)  NULL,
DESCRIZIONE VARCHAR(40)  NULL,
QTA FLOAT  NULL,
PREZZO FLOAT  NULL,
SCONTO FLOAT  NULL,
IMPORTO FLOAT  NULL
);

INSERT INTO RIGHEDOCUMENTI (ID,ID_DOC,CODICE,DESCRIZIONE,QTA,PREZZO,SCONTO,IMPORTO) VALUES ('1','1', '000001', 'VASO TERRACOTTA MOD. CIPRO','5', '100', '','500');
INSERT INTO RIGHEDOCUMENTI (ID,ID_DOC,CODICE,DESCRIZIONE,QTA,PREZZO,SCONTO,IMPORTO) VALUES ('2','1', '000002', 'ANFORA STILE GRECO CLASSICO','1', '200', '20','160');
INSERT INTO RIGHEDOCUMENTI (ID,ID_DOC,CODICE,DESCRIZIONE,QTA,PREZZO,SCONTO,IMPORTO) VALUES ('3','2', '000003', 'BASSORILIEVO IN GESSO','1', '1100', '10','990');
INSERT INTO RIGHEDOCUMENTI (ID,ID_DOC,CODICE,DESCRIZIONE,QTA,PREZZO,SCONTO,IMPORTO) VALUES ('4','2', '008', 'MANUFATTO EGIZIO','1', '150', '','150');
INSERT INTO RIGHEDOCUMENTI (ID,ID_DOC,CODICE,DESCRIZIONE,QTA,PREZZO,SCONTO,IMPORTO) VALUES ('16','2', '004', 'STATUA IN GESSO GRECA','1', '50', '','50');
INSERT INTO RIGHEDOCUMENTI (ID,ID_DOC,CODICE,DESCRIZIONE,QTA,PREZZO,SCONTO,IMPORTO) VALUES ('18','3', '005', 'RIPRODUZIONE SCULTURA GERCIA CLASSICA','1', '80', '','80');
INSERT INTO RIGHEDOCUMENTI (ID,ID_DOC,CODICE,DESCRIZIONE,QTA,PREZZO,SCONTO,IMPORTO) VALUES ('19','3', '009', 'STATUINA CINESE DINASTIA CHEN','1', '250', '','250');
INSERT INTO RIGHEDOCUMENTI (ID,ID_DOC,CODICE,DESCRIZIONE,QTA,PREZZO,SCONTO,IMPORTO) VALUES ('20','3', '001', 'VASO MING 3° SECOLO A.C.','1', '2500', '','2500');
INSERT INTO RIGHEDOCUMENTI (ID,ID_DOC,CODICE,DESCRIZIONE,QTA,PREZZO,SCONTO,IMPORTO) VALUES ('21','3', '010', 'FOSSILE DI CONCIGLIA PREISTORICA','1', '45', '','45');
INSERT INTO RIGHEDOCUMENTI (ID,ID_DOC,CODICE,DESCRIZIONE,QTA,PREZZO,SCONTO,IMPORTO) VALUES ('22','4', '009', 'STATUINA CINESE DINASTIA CHEN','1', '250', '','250');
INSERT INTO RIGHEDOCUMENTI (ID,ID_DOC,CODICE,DESCRIZIONE,QTA,PREZZO,SCONTO,IMPORTO) VALUES ('23','4', '004', 'STATUA IN GESSO GRECA','1', '50', '','50');
INSERT INTO RIGHEDOCUMENTI (ID,ID_DOC,CODICE,DESCRIZIONE,QTA,PREZZO,SCONTO,IMPORTO) VALUES ('24','5', '007', 'DENTE DI DINOSAURO','1', '15', '','15');
INSERT INTO RIGHEDOCUMENTI (ID,ID_DOC,CODICE,DESCRIZIONE,QTA,PREZZO,SCONTO,IMPORTO) VALUES ('25','5', '005', 'RIPRODUZIONE SCULTURA GERCIA CLASSICA','1', '80', '','80');
INSERT INTO RIGHEDOCUMENTI (ID,ID_DOC,CODICE,DESCRIZIONE,QTA,PREZZO,SCONTO,IMPORTO) VALUES ('26','5', '003', 'VASO DA NOTTE MARIA ANTONIETTA','1', '290', '','290');
INSERT INTO RIGHEDOCUMENTI (ID,ID_DOC,CODICE,DESCRIZIONE,QTA,PREZZO,SCONTO,IMPORTO) VALUES ('27','6', '009', 'STATUINA CINESE DINASTIA CHEN','1', '250', '','250');
INSERT INTO RIGHEDOCUMENTI (ID,ID_DOC,CODICE,DESCRIZIONE,QTA,PREZZO,SCONTO,IMPORTO) VALUES ('28','5', '008', 'MANUFATTO EGIZIO','1', '150', '','150');
INSERT INTO RIGHEDOCUMENTI (ID,ID_DOC,CODICE,DESCRIZIONE,QTA,PREZZO,SCONTO,IMPORTO) VALUES ('30','1', '004', 'STATUA IN GESSO GRECA','2', '50', '10','90');
INSERT INTO RIGHEDOCUMENTI (ID,ID_DOC,CODICE,DESCRIZIONE,QTA,PREZZO,SCONTO,IMPORTO) VALUES ('32','3', '006', 'PUNTA DI FRECCIA PREISTORICA','1', '90', '','90');
INSERT INTO RIGHEDOCUMENTI (ID,ID_DOC,CODICE,DESCRIZIONE,QTA,PREZZO,SCONTO,IMPORTO) VALUES ('33','3', '007', 'DENTE DI DINOSAURO','1', '15', '','15');

